{
  "token_acc":1.0,
  "token_p":1.0,
  "token_r":1.0,
  "token_f":1.0,
  "sents_p":1.0,
  "sents_r":1.0,
  "sents_f":1.0,
  "ents_p":0.8838383838,
  "ents_r":0.9259259259,
  "ents_f":0.9043927649,
  "ents_per_type":{
    "GPE":{
      "p":0.8838383838,
      "r":0.9259259259,
      "f":0.9043927649
    }
  },
  "speed":26752.3624050267
}